<?xml version="1.0" encoding="UTF-8"?>
<Export generator="Cache" version="22" zv="Cache for Windows (x86-32) 2008.1 (Build 401U)" ts="2008-10-06 16:32:49">
<Class name="Shop.Address">
<ClassType>serial</ClassType>
<ProcedureBlock>1</ProcedureBlock>
<Super>%SerialObject</Super>
<TimeCreated>59555,40152.134835</TimeCreated>
<ClassDefinitionError>0</ClassDefinitionError>

<Property name="Street">
<Type>%String</Type>
<Parameter name="TRUNCATE" value="1"/>
</Property>

<Property name="City">
<Type>%String</Type>
<Parameter name="TRUNCATE" value="1"/>
</Property>

<Property name="PostalCode">
<Type>%String</Type>
<Parameter name="TRUNCATE" value="1"/>
</Property>

<Storage name="Default">
<Type>%Library.CacheSerialState</Type>
<State>AddressState</State>
<StreamLocation>^Shop.AddressS</StreamLocation>
<Data name="AddressState">
<Structure>listnode</Structure>
<Subscript>"Shop.Address"</Subscript>
<Value name="1">
<Value>City</Value>
</Value>
<Value name="2">
<Value>PostalCode</Value>
</Value>
<Value name="3">
<Value>Street</Value>
</Value>
</Data>
</Storage>
</Class>


<Class name="Shop.CorporateCustomer">
<ClassType>persistent</ClassType>
<ProcedureBlock>1</ProcedureBlock>
<Super>Shop.Customer</Super>
<TimeCreated>59555,40152.146576</TimeCreated>
<ClassDefinitionError>0</ClassDefinitionError>

<Projection name="NewProjection1">
<Type>%Projection.Java</Type>
</Projection>

<Parameter name="EXTENTSIZE">
<Default>1</Default>
</Parameter>

<Property name="RepName">
<Type>%String</Type>
<Parameter name="TRUNCATE" value="1"/>
</Property>

<Method name="determinePrice">
<FormalSpec>listprice:%Integer</FormalSpec>
<ReturnType>%Integer</ReturnType>
<Implementation><![CDATA[
	Set price = 0
	// これまでの購入金額に応じて割引
	If ..TotalOrderAmount > 1000 {
		Set price = listprice * 0.8
	} Else {
		Set price = listprice		
	}
	Quit price
]]></Implementation>
</Method>

<Storage name="Default">
<Type>%Library.CacheStorage</Type>
<DefaultData>CorporateCustomerDefaultData</DefaultData>
<Data name="CorporateCustomerDefaultData">
<Structure>listnode</Structure>
<Subscript>"CorporateCustomer"</Subscript>
<Value name="1">
<Value>RepName</Value>
</Value>
</Data>
<Property name="Location">
</Property>
<Property name="Name">
</Property>
<Property name="Passwd">
</Property>
<Property name="RepName">
</Property>
<Property name="UserName">
</Property>
</Storage>
</Class>


<Class name="Shop.Customer">
<ClassType>persistent</ClassType>
<ProcedureBlock>1</ProcedureBlock>
<Super>%Persistent</Super>
<TimeCreated>59555,40152.192859</TimeCreated>
<ClassDefinitionError>0</ClassDefinitionError>

<Parameter name="EXTENTSIZE">
<Default>3</Default>
</Parameter>

<Projection name="Java">
<Type>%Projection.Java</Type>
</Projection>

<Property name="Name">
<Type>%String</Type>
<Parameter name="TRUNCATE" value="1"/>
</Property>

<Property name="UserName">
<Type>%String</Type>
<Parameter name="TRUNCATE" value="1"/>
</Property>

<Property name="Passwd">
<Type>%String</Type>
<Parameter name="TRUNCATE" value="1"/>
</Property>

<Property name="Location">
<Type>Shop.Address</Type>
</Property>

<Property name="POrders">
<Type>Shop.POrder</Type>
<Cardinality>many</Cardinality>
<Inverse>Customer</Inverse>
<Relationship>1</Relationship>
</Property>

<Property name="TotalOrderAmount">
<Type>%Integer</Type>
<Calculated>1</Calculated>
</Property>

<Index name="CheckPwdIdx">
<Properties>UserName:Exact,Passwd:Exact</Properties>
</Index>

<Index name="NameIdx">
<Properties>Name</Properties>
</Index>

<Method name="CheckPasswd">
<Description>
パスワードのチェック</Description>
<ClassMethod>1</ClassMethod>
<FormalSpec>user:%String,passwd:%String</FormalSpec>
<ReturnType>Shop.Customer</ReturnType>
<Implementation><![CDATA[
	quit:$get(user)="" ""

	set res=##class(%ResultSet).%New("%DynamicQuery:SQL")
	do res.Prepare("SELECT ID FROM Shop.Customer Where UserName = ? AND Passwd = ?")
	do res.Execute(user,passwd)
	
	quit:'res.Next() ""
	
	set cid=res.GetData(1)
	
	quit ..%OpenId(cid)
]]></Implementation>
</Method>

<Method name="determinePrice">
<FormalSpec>listprice:%Integer</FormalSpec>
<ReturnType>%Integer</ReturnType>
<Implementation><![CDATA[	Quit 0
]]></Implementation>
</Method>

<UDLText name="T">
<Content><![CDATA[
// これまでの購入金額を計算

]]></Content>
</UDLText>

<Method name="TotalOrderAmountGet">
<ReturnType>%Integer</ReturnType>
<Implementation><![CDATA[
	Set total = 0
	For i=1:1:..POrders.Count() {
		Set o = ..POrders.GetAt(i)
		
		// 処理中のオーダを除いて計算する
		If o.IsProcessing = 0 { Set total = total + o.TotalPrice }
	}
	Quit total
]]></Implementation>
</Method>

<Method name="createTestData">
<ClassMethod>1</ClassMethod>
<Implementation><![CDATA[
	d ##class(Shop.Customer).%KillExtent()

	// 個人顧客
	Set c=##class(Shop.IndvCustomer).%New()
	Set c.Name="日本 太郎"
	Set c.Location.Street="丸の内"
	Set c.Location.City="東京"
	Set c.Location.PostalCode="100-0001"
	Set c.DOB=$zdh("2/4/2003")
	Set c.UserName="taro"
	Set c.Passwd="taro"
	Do c.%Save()

	// 個人顧客
	Set c=##class(Shop.IndvCustomer).%New()
	Set c.Name="日本 花子"
	Set c.Location.Street="赤坂"
	Set c.Location.City="東京"
	Set c.Location.PostalCode="100-0001"
	Set c.DOB=$zdh("2/4/2001")
	Set c.UserName="hanako"
	Set c.Passwd="hanako"
	Do c.%Save()

	// 法人顧客
	Set c=##class(Shop.CorporateCustomer).%New()
	Set c.Name="インターシステムズジャパン"
	Set c.Location.Street="西新宿"
	Set c.Location.City="東京"
	Set c.Location.PostalCode="160-0023"
	Set c.RepName="速井 一郎"
	Set c.UserName="intersystems"
	Set c.Passwd="intersystems"
	Do c.%Save()
	
	d ##class(Shop.POrder).%KillExtent()
	d ##class(Shop.OrderItem).%KillExtent()
	k ^Shop.Order
]]></Implementation>
</Method>

<Query name="ByName">
<Type>%SQLQuery</Type>
<FormalSpec>Param1:%String</FormalSpec>
<SqlQuery>SELECT %ID,Name,UserName FROM Customer
 WHERE (Name %STARTSWITH :Param1)
 ORDER BY %ID</SqlQuery>
<Parameter name="CONTAINID" value="1"/>
</Query>

<Storage name="Default">
<Type>%Library.CacheStorage</Type>
<DataLocation>^Shop.CustomerD</DataLocation>
<DefaultData>CustomerDefaultData</DefaultData>
<IdLocation>^Shop.CustomerD</IdLocation>
<IndexLocation>^Shop.CustomerI</IndexLocation>
<StreamLocation>^Shop.CustomerS</StreamLocation>
<Data name="CustomerDefaultData">
<Structure>listnode</Structure>
<Subscript/>
<Value name="1">
<Value>%%CLASSNAME</Value>
</Value>
<Value name="2">
<Value>Location</Value>
</Value>
<Value name="3">
<Value>Name</Value>
</Value>
<Value name="4">
<Value>TotalOrderAmount</Value>
</Value>
<Value name="5">
<Value>Passwd</Value>
</Value>
<Value name="6">
<Value>UserName</Value>
</Value>
</Data>
<Property name="Location">
</Property>
<Property name="Name">
</Property>
<Property name="Passwd">
</Property>
<Property name="UserName">
</Property>
</Storage>
</Class>


<Class name="Shop.IndvCustomer">
<ClassType>persistent</ClassType>
<ProcedureBlock>1</ProcedureBlock>
<Super>Shop.Customer</Super>
<TimeCreated>59555,40152.204821</TimeCreated>
<ClassDefinitionError>0</ClassDefinitionError>

<Property name="DOB">
<Type>%Date</Type>
</Property>

<Method name="determinePrice">
<FormalSpec>listprice:%Integer</FormalSpec>
<ReturnType>%Integer</ReturnType>
<Implementation><![CDATA[
	// 割引なし
	Quit listprice
]]></Implementation>
</Method>

<Storage name="Default">
<Type>%Library.CacheStorage</Type>
<DefaultData>IndvCustomerDefaultData</DefaultData>
<Data name="IndvCustomerDefaultData">
<Structure>listnode</Structure>
<Subscript>"IndvCustomer"</Subscript>
<Value name="1">
<Value>DOB</Value>
</Value>
</Data>
</Storage>
</Class>


<Class name="Shop.OrderItem">
<ClassType>persistent</ClassType>
<ProcedureBlock>1</ProcedureBlock>
<Super>%Persistent</Super>
<TimeCreated>59626,41531.733544</TimeCreated>
<ClassDefinitionError>0</ClassDefinitionError>

<Index name="IndexProduct">
<Properties>Product</Properties>
</Index>

<Projection name="NewProjection1">
<Type>%Projection.Java</Type>
</Projection>

<Property name="Product">
<Type>Shop.Product</Type>
</Property>

<Property name="UnitPrice">
<Type>%Integer</Type>
</Property>

<Property name="Amount">
<Type>%String</Type>
<Parameter name="TRUNCATE" value="1"/>
</Property>

<Property name="Subtotal">
<Type>%Integer</Type>
<Calculated>1</Calculated>
</Property>

<Property name="POrder">
<Type>Shop.POrder</Type>
<Cardinality>parent</Cardinality>
<Inverse>Items</Inverse>
<Relationship>1</Relationship>
</Property>

<Method name="SubtotalGet">
<ReturnType>%Integer</ReturnType>
<Implementation><![CDATA[	Quit ..UnitPrice * ..Amount
]]></Implementation>
</Method>

<Storage name="Default">
<Type>%Library.CacheStorage</Type>
<DataLocation>{%%PARENT}("Items")</DataLocation>
<DefaultData>OrderItemDefaultData</DefaultData>
<IdLocation>^Shop.POrderC("Items")</IdLocation>
<IndexLocation>^Shop.OrderItemI</IndexLocation>
<StreamLocation>^Shop.OrderItemS</StreamLocation>
<Data name="OrderItemDefaultData">
<Structure>listnode</Structure>
<Subscript/>
<Value name="1">
<Value>%%CLASSNAME</Value>
</Value>
<Value name="2">
<Value>Amount</Value>
</Value>
<Value name="3">
<Value>Product</Value>
</Value>
<Value name="4">
<Value>UnitPrice</Value>
</Value>
</Data>
</Storage>
</Class>


<Class name="Shop.POrder">
<ClassType>persistent</ClassType>
<ProcedureBlock>1</ProcedureBlock>
<Super>%Persistent</Super>
<TimeCreated>59555,40152.265571</TimeCreated>
<ClassDefinitionError>0</ClassDefinitionError>

<Projection name="NewProjection1">
<Type>%Projection.Java</Type>
</Projection>

<Parameter name="EXTENTSIZE">
<Default>8</Default>
</Parameter>

<UDLText name="T">
<Content><![CDATA[
// オーダ番号

]]></Content>
</UDLText>

<Property name="OrderNumber">
<Type>%String</Type>
<Parameter name="TRUNCATE" value="1"/>
</Property>

<UDLText name="T">
<Content><![CDATA[
// 出荷先

]]></Content>
</UDLText>

<Property name="ShipTo">
<Type>Shop.Address</Type>
</Property>

<UDLText name="T">
<Content><![CDATA[
// 購入日

]]></Content>
</UDLText>

<Property name="PurchaseDt">
<Type>%Date</Type>
</Property>

<UDLText name="T">
<Content><![CDATA[
// 合計価格

]]></Content>
</UDLText>

<Property name="TotalPrice">
<Type>%Integer</Type>
<Calculated>1</Calculated>
</Property>

<UDLText name="T">
<Content><![CDATA[
// 明細

]]></Content>
</UDLText>

<Property name="Items">
<Type>Shop.OrderItem</Type>
<Cardinality>children</Cardinality>
<Inverse>POrder</Inverse>
<Relationship>1</Relationship>
</Property>

<UDLText name="T">
<Content><![CDATA[
// 顧客

]]></Content>
</UDLText>

<Property name="Customer">
<Type>Shop.Customer</Type>
<Cardinality>one</Cardinality>
<Inverse>POrders</Inverse>
<Relationship>1</Relationship>
</Property>

<UDLText name="T">
<Content><![CDATA[
// 処理中フラグ

]]></Content>
</UDLText>

<Property name="IsProcessing">
<Type>%Boolean</Type>
</Property>

<Index name="OrderNumberIdx">
<Properties>OrderNumber</Properties>
<Unique>1</Unique>
</Index>

<Index name="PurchaseDtIndex">
<Properties>PurchaseDt</Properties>
</Index>

<Index name="CustomerIndex">
<Properties>Customer</Properties>
</Index>

<UDLText name="T">
<Content><![CDATA[
// 新規オーダ作成

]]></Content>
</UDLText>

<Method name="create">
<ClassMethod>1</ClassMethod>
<FormalSpec>cust:Shop.Customer,shipto:Shop.Address</FormalSpec>
<ReturnType>Shop.POrder</ReturnType>
<Implementation><![CDATA[
	Set po = ##class(Shop.POrder).%New()
	Set po.Customer = cust
	Set po.ShipTo = shipto
	Set po.IsProcessing = 1
	Quit po
]]></Implementation>
</Method>

<UDLText name="T">
<Content><![CDATA[
// 明細追加

]]></Content>
</UDLText>

<Method name="addItem">
<FormalSpec>p:Shop.Product,amt:%Integer</FormalSpec>
<Implementation><![CDATA[
	Set item = ##class(Shop.OrderItem).%New()
	Set item.Product = p
	Set item.UnitPrice = ..Customer.determinePrice(p.ListPrice)
	Set item.Amount = amt
	Do ..Items.Insert(item)
]]></Implementation>
</Method>

<UDLText name="T">
<Content><![CDATA[
// オーダ確定

]]></Content>
</UDLText>

<Method name="place">
<ReturnType>%Status</ReturnType>
<Implementation><![CDATA[
	Set ..PurchaseDt = +$horolog
	Set ..OrderNumber = "O"_$Justify(..getSeqNum(), 9)
	Set ..IsProcessing = 0
	Quit ..%Save()
]]></Implementation>
</Method>

<UDLText name="T">
<Content><![CDATA[
// 連続番号を取得

]]></Content>
</UDLText>

<Method name="getSeqNum">
<ClassMethod>1</ClassMethod>
<Private>1</Private>
<ReturnType>%Integer</ReturnType>
<Implementation><![CDATA[	Quit $Increment(^Shop.Order)
]]></Implementation>
</Method>

<UDLText name="T">
<Content><![CDATA[
// 合計価格の計算ロジック

]]></Content>
</UDLText>

<Method name="TotalPriceGet">
<ReturnType>%Integer</ReturnType>
<Implementation><![CDATA[
	Set total = 0
	For i=1:1:..Items.Count() {
		Set total =total + ..Items.GetAt(i).Subtotal	
	}
	Quit total
]]></Implementation>
</Method>

<Storage name="Default">
<Type>%Library.CacheStorage</Type>
<DataLocation>^Shop.POrderD</DataLocation>
<DefaultData>POrderDefaultData</DefaultData>
<IdLocation>^Shop.POrderD</IdLocation>
<IndexLocation>^Shop.POrderI</IndexLocation>
<StreamLocation>^Shop.POrderS</StreamLocation>
<Data name="POrderDefaultData">
<Value name="1">
<Value>%%CLASSNAME</Value>
</Value>
<Value name="2">
<Value>OrderNumber</Value>
</Value>
<Value name="3">
<Value>PurchseDt</Value>
</Value>
<Value name="4">
<Value>ShipTo</Value>
</Value>
<Value name="5">
<Value>TotalAmount</Value>
</Value>
<Value name="6">
<Value>Customer</Value>
</Value>
<Value name="7">
<Value>PurchaseDt</Value>
</Value>
<Value name="8">
<Value>IsProcessing</Value>
</Value>
</Data>
<Property name="Customer">
</Property>
<Property name="IsProcessing">
</Property>
<Property name="OrderNumber">
</Property>
<Property name="PurchaseDt">
</Property>
<Property name="ShipTo">
</Property>
</Storage>
</Class>


<Class name="Shop.Product">
<ClassType>persistent</ClassType>
<ProcedureBlock>1</ProcedureBlock>
<Super>%Persistent</Super>
<TimeCreated>59555,40152.302435</TimeCreated>
<ClassDefinitionError>0</ClassDefinitionError>

<Parameter name="EXTENTSIZE">
<Default>4</Default>
</Parameter>

<Projection name="NewProjection1">
<Type>%Projection.Java</Type>
</Projection>

<UDLText name="T">
<Content><![CDATA[
// 商品コード

]]></Content>
</UDLText>

<Property name="Code">
<Type>%String</Type>
<Parameter name="TRUNCATE" value="1"/>
</Property>

<Index name="CodeIdx">
<IdKey>1</IdKey>
<PrimaryKey>1</PrimaryKey>
<Properties>Code</Properties>
<Unique>1</Unique>
</Index>

<UDLText name="T">
<Content><![CDATA[
// 商品名

]]></Content>
</UDLText>

<Property name="Name">
<Type>%String</Type>
<Parameter name="TRUNCATE" value="1"/>
</Property>

<UDLText name="T">
<Content><![CDATA[
// コメント

]]></Content>
</UDLText>

<Property name="Description">
<Type>%String</Type>
<Parameter name="TRUNCATE" value="1"/>
</Property>

<UDLText name="T">
<Content><![CDATA[
// 定価

]]></Content>
</UDLText>

<Property name="ListPrice">
<Type>%Integer</Type>
</Property>

<Property name="Picture">
<Type>%GlobalBinaryStream</Type>
</Property>

<UDLText name="T">
<Content><![CDATA[
// 画像

]]></Content>
</UDLText>

<Index name="NameIdx">
<Properties>Name</Properties>
</Index>

<UDLText name="T">
<Content><![CDATA[
// For testing

]]></Content>
</UDLText>

<Method name="createTestData">
<ClassMethod>1</ClassMethod>
<FormalSpec>dir:%String</FormalSpec>
<Implementation><![CDATA[
	Set s=##class(%FileBinaryStream).%New()
	Do s.LinkToFile(dir_"Image1.gif")
	
	Set p=##class(Shop.Product).%New()
	Set p.Code="PC001"
	Set p.Name="ThinkPad"
	Set p.Description="Intelテクノロジを採用。1.2kgのボディにDVDドライブを搭載"
 	Set p.ListPrice=199800
 	Do p.Picture.CopyFrom(s)
 	do p.Picture.SetAttribute("ContentType","image/gif")
	Do p.%Save()
	
	Set s=##class(%FileBinaryStream).%New()
	Do s.LinkToFile(dir_"Image2.gif")

	Set p=##class(Shop.Product).%New()
	Set p.Code="MNT001"
	Set p.Name="17インチ液晶モニタ"
	Set p.Description="厚さ1.5cmの超薄型液晶モニタ"
	Set p.ListPrice=89800
 	Do p.Picture.CopyFrom(s)
 	do p.Picture.SetAttribute("ContentType","image/gif")
	Do p.%Save()
	
	Quit
]]></Implementation>
</Method>

<Storage name="Default">
<Type>%Library.CacheStorage</Type>
<DataLocation>^Shop.ProductD</DataLocation>
<DefaultData>ProductDefaultData</DefaultData>
<IdLocation>^Shop.ProductD</IdLocation>
<IndexLocation>^Shop.ProductI</IndexLocation>
<StreamLocation>^Shop.ProductS</StreamLocation>
<Data name="ProductDefaultData">
<Structure>listnode</Structure>
<Subscript/>
<Value name="1">
<Value>%%CLASSNAME</Value>
</Value>
<Value name="2">
<Value>Code</Value>
</Value>
<Value name="3">
<Value>Name</Value>
</Value>
<Value name="4">
<Value>Picture</Value>
</Value>
<Value name="5">
<Value>Price</Value>
</Value>
<Value name="6">
<Value>ListPrice</Value>
</Value>
<Value name="7">
<Value>Description</Value>
</Value>
</Data>
<Property name="Code">
</Property>
<Property name="Description">
</Property>
<Property name="ListPrice">
</Property>
<Property name="Name">
</Property>
<Property name="Picture">
</Property>
</Storage>
</Class>


<Class name="Shop.ProductImage">
<ClassType>persistent</ClassType>
<ProcedureBlock>1</ProcedureBlock>
<Super>%Persistent</Super>
<TimeCreated>59847,36987.782495</TimeCreated>
<ClassDefinitionError>0</ClassDefinitionError>

<Property name="Code">
<Type>%String</Type>
<Parameter name="TRUNCATE" value="1"/>
</Property>

<Index name="CodeIdx">
<IdKey>1</IdKey>
<PrimaryKey>1</PrimaryKey>
<Properties>Code</Properties>
<Unique>1</Unique>
</Index>

<Property name="Picture">
<Type>%GlobalBinaryStream</Type>
</Property>

<Storage name="Default">
<Type>%Library.CacheStorage</Type>
<DataLocation>^Shop.ProductImageD</DataLocation>
<DefaultData>ProductImageDefaultData</DefaultData>
<IdLocation>^Shop.ProductImageD</IdLocation>
<IndexLocation>^Shop.ProductImageI</IndexLocation>
<StreamLocation>^Shop.ProductImageS</StreamLocation>
<Data name="ProductImageDefaultData">
<Structure>listnode</Structure>
<Subscript/>
<Value name="1">
<Value>%%CLASSNAME</Value>
</Value>
<Value name="2">
<Value>Picture</Value>
</Value>
</Data>
</Storage>
</Class>
</Export>
