<?xml version="1.0" encoding="UTF-8"?>
<Export generator="Cache" version="25" zv="Cache for Windows (x86-64) 2016.3 (Build 549U)" ts="2016-02-24 19:52:24">
<Class name="Sales.Customer">
<Super>%Persistent,%Populate</Super>
<TimeChanged>63923,72699.983852</TimeChanged>
<TimeCreated>61243,55373.476143</TimeCreated>
<Inheritance>right</Inheritance>

<Property name="Name">
<Description>
顧客名</Description>
<Type>%String</Type>
<Parameter name="POPSPEC" value="##class(Sales.Customer).Name()"/>
</Property>

<Property name="Address">
<Description>
住所</Description>
<Type>%String</Type>
<Parameter name="POPSPEC" value="##class(Sales.Customer).Address()"/>
</Property>

<Property name="Telno">
<Description>
電話番号</Description>
<Type>%String</Type>
<Parameter name="POPSPEC" value="##class(Sales.Customer).Telno()"/>
</Property>

<Property name="Discount">
<Description>
割引率</Description>
<Type>%Integer</Type>
<Parameter name="POPSPEC" value="##class(Sales.Customer).Discount()"/>
</Property>

<Method name="Name">
<ClassMethod>1</ClassMethod>
<ReturnType>%String</ReturnType>
<Implementation><![CDATA[
	set customerlist = $listbuild("太田　明","前島　健作","後藤　雅美","寺島　幸治","北村　ゆきえ")
	quit $list(customerlist,$random($listlength(customerlist))+1)
]]></Implementation>
</Method>

<Method name="Address">
<ClassMethod>1</ClassMethod>
<ReturnType>%String</ReturnType>
<Implementation><![CDATA[
	set address = "東京都新宿区西新宿"
	set b1 = $random(10)+1
	set b2 = $random(10)+1
	set b3 = $random(10)+1
	set address = address_b1_"-"_b2_"-"_b3
	
	quit address
]]></Implementation>
</Method>

<Method name="Telno">
<ClassMethod>1</ClassMethod>
<ReturnType>%String</ReturnType>
<Implementation><![CDATA[
	set telno = "03-5321"
	
	set tlist = $listbuild(6430,6431,6432,6433,6434,6435)
	quit telno_"-"_$list(tlist,$random($listlength(tlist))+1)
]]></Implementation>
</Method>

<Method name="Discount">
<ClassMethod>1</ClassMethod>
<ReturnType>%Integer</ReturnType>
<Implementation><![CDATA[
	
	quit (5+$random(5)+1)*10
]]></Implementation>
</Method>

<Index name="NameIndex">
<Properties>Name</Properties>
</Index>

<Storage name="Default">
<Type>%Library.CacheStorage</Type>
<DataLocation>^Sales.CustomerD</DataLocation>
<DefaultData>CustomerDefaultData</DefaultData>
<IdLocation>^Sales.CustomerD</IdLocation>
<IndexLocation>^Sales.CustomerI</IndexLocation>
<StreamLocation>^Sales.CustomerS</StreamLocation>
<ExtentSize>10</ExtentSize>
<Data name="CustomerDefaultData">
<Structure>listnode</Structure>
<Subscript/>
<Value name="1">
<Value>%%CLASSNAME</Value>
</Value>
<Value name="2">
<Value>Name</Value>
</Value>
<Value name="3">
<Value>Address</Value>
</Value>
<Value name="4">
<Value>Telno</Value>
</Value>
<Value name="5">
<Value>Discount</Value>
</Value>
</Data>
<Property name="%%CLASSNAME">
<Selectivity>100.0000%</Selectivity>
<AverageFieldSize>1</AverageFieldSize>
</Property>
<Property name="%%ID">
<Selectivity>1</Selectivity>
<AverageFieldSize>1.1</AverageFieldSize>
</Property>
<Property name="Address">
<Selectivity>10.0000%</Selectivity>
<AverageFieldSize>14.1</AverageFieldSize>
</Property>
<Property name="Discount">
<Selectivity>25.0000%</Selectivity>
<AverageFieldSize>2.2</AverageFieldSize>
</Property>
<Property name="Name">
<Selectivity>20.0000%</Selectivity>
<AverageFieldSize>5</AverageFieldSize>
</Property>
<Property name="Telno">
<Selectivity>25.0000%</Selectivity>
<AverageFieldSize>12</AverageFieldSize>
</Property>
<SQLMap name="IDKEY">
<BlockCount>-4</BlockCount>
</SQLMap>
<SQLMap name="NameIndex">
<BlockCount>-4</BlockCount>
</SQLMap>
</Storage>
</Class>


<Class name="Sales.Operation">
<IncludeCode>%occStatus</IncludeCode>
<TimeChanged>63924,45922.091999</TimeChanged>
<TimeCreated>61243,63800.135628</TimeCreated>

<Method name="populate">
<ClassMethod>1</ClassMethod>
<FormalSpec>no:%Integer</FormalSpec>
<ReturnType>%Boolean</ReturnType>
<Implementation><![CDATA[
	do ##class(Sales.Customer).%KillExtent()
	do ##class(Sales.Product).%KillExtent()
	
	do ##class(Sales.Customer).Populate(no)
	do ##class(Sales.Product).Populate(no)
	
	quit $$$OK
]]></Implementation>
</Method>

<Method name="placeOrder">
<ClassMethod>1</ClassMethod>
<FormalSpec>customerId:%Integer</FormalSpec>
<ReturnType>%Boolean</ReturnType>
<Implementation><![CDATA[
	
    if customerId="" write "顧客IDを入力してください",! quit '$$$OK
 
	if '##class(Sales.Customer).%ExistsId(customerId) write "顧客IDが登録されていません",! quit '$$$OK
 
	set customer = ##class(Sales.Customer).%OpenId(customerId)
	
	write customer.Name_"様、いつもご利用ありがとうございます",!!

    set result=##class(%SQL.Statement).%ExecDirect(,"select id,name,unitprice from Sales.Product")
    set resultset = result.%CurrentResult
	 
	write "商品ID",?20,	"商品名",?40,"単価",!
	write "----------------------------------------------------",!
 
	While resultset.%Next(.sc) {
		If $$$ISERR(sc) quit
		write resultset.id,?20,resultset.name,?40,##class(Sales.Product).UnitPriceLogicalToDisplay(resultset.unitprice),! 
	}
		
	write !
	
    set itemNo = 0
    
	for {
	  read "注文したい商品IDを入力してください　", pid,!

	  if pid="" quit

	  if '##class(Sales.Product).%ExistsId(pid) write "商品が存在しません",! continue
	  
	  read "数量を入力してください　", amount,!
	  if amount'?.N write "正しい数値を入力してください",! continue
	  set itemNo = itemNo + 1
	  set items(itemNo) = $listbuild(pid,amount) 
	}
	
	if itemNo = 0 quit '$$$OK
	
    set order = ##class(Sales.PurchaseOrder).%New()
    set order.Customer = customer		
	set order.PurchaseDate = $piece($horolog,",",1)

	for i = 1:1:itemNo {
		set item = ##class(Sales.OrderItem).%New()
		set pid = $list(items(i),1)
		set product = ##class(Sales.Product).%OpenId(pid)
		set item.Product = product
		set item.Amount = $list(items(i),2)
		do order.Items.Insert(item)
	}
	
	set sc = order.%Save()
	
    if $$$ISERR(sc) {
	    Do $system.Status.DisplayError(sc)
    }
    Else {
	    write "注文を受け付けました",!
    }
    quit $$$OK
]]></Implementation>
</Method>

<Method name="placeOrderWithFullSQL">
<ClassMethod>1</ClassMethod>
<FormalSpec>customerId:%Integer</FormalSpec>
<ReturnType>%Boolean</ReturnType>
<Implementation><![CDATA[
	
    if customerId="" write "顧客IDを入力してください",! quit '$$$OK
 
    set result=##class(%SQL.Statement).%ExecDirect(,"select Name from Sales.Customer where id = ?",.customerId)
    set resultset = result.%CurrentResult

	if 'resultset.%Next(.sc) write "顧客IDが登録されていません" quit '$$$OK
 	
	write resultset.Name_"様、いつもご利用ありがとうございます",!!

	set result = ##class(%SQL.Statement).%New()
	set result.%SelectMode = 2 //表示モード

    set sc = result.%Prepare("select id,name,unitprice from Sales.Product")
    if $$$ISERR(sc) Do $system.Status.DisplayError(sc) quit '$$$OK
    set resultset = result.%Execute()
	 
	write "商品ID",?20,	"商品名",?40,"単価",!
	write "----------------------------------------------------",!
 
	While resultset.%Next(.sc) {
		If $$$ISERR(sc) quit
		write resultset.id,?20,resultset.name,?40,resultset.unitprice,! 
	}
		
	write !
	
    set itemNo = 0
    
	for {
	  read "注文したい商品IDを入力してください　", pid,!

	  if pid="" quit

      set result=##class(%SQL.Statement).%ExecDirect(,"select Name from Sales.Product where id = ?",.customerId)
      set resultset = result.%CurrentResult

	  if 'resultset.%Next(.sc) write "商品が存在しません",! continue
	  	  
	  read "数量を入力してください　", amount,!
	  if amount'?.N write "正しい数値を入力してください",! continue
	  set itemNo = itemNo + 1
	  set items(itemNo) = $listbuild(pid,amount) 
	}
	
	if itemNo = 0 quit '$$$OK
	
	//&sqlは、変数スコープのコンテキストが異なるため、簡易的に%をつけて、変数をPUBLIC変数にする

    set %customerId = customerId		
	set %purchaseDate = $piece($horolog,",",1)
	
	tstart

    &sql(insert into Sales.PurchaseOrder 
        (Customer,PurchaseDate) 
        VALUES (:%customerId,:%purchaseDate))
        
    if SQLCODE '=0 {
	    write "注文情報の登録に失敗しました",!
	    trollback
	    quit '$$$OK
    }
    
    set %orderid = %ROWID
    
    set success = 1
                    
	for i = 1:1:itemNo {
		set %pid = $list(items(i),1)
		set %amount = $list(items(i),2)

        &sql(insert into Sales.OrderItem 
           (TheOrder,Product,Amount) 
           VALUES (:%orderid,:%pid,:%amount))

        if SQLCODE '=0 {
	       write "注文明細の登録に失敗しました",!
	       trollback
	       set success = 0
	       quit
        }
	}
		
	if success {
		write "注文を受け付けました",!
		tcommit
	}
    
    kill %customerId,%orderid,%purchaseDate,%ROWID    

    quit $$$OK
]]></Implementation>
</Method>

<Method name="orderByCustomer">
<ClassMethod>1</ClassMethod>
<FormalSpec>customerId:%String</FormalSpec>
<ReturnType>%Boolean</ReturnType>
<Implementation><![CDATA[
 
    if customerId="" write "顧客IDを入力してください",! quit '$$$OK
 
	if '##class(Sales.Customer).%ExistsId(customerId) write "顧客IDが登録されていません" quit '$$$OK
 
	set customer = ##class(Sales.Customer).%OpenId(customerId)

	write !!,customer.Name_"様のご注文履歴は、以下のようになっています",!!
	
    set result=##class(%SQL.Statement).%ExecDirect(,"select id,purchasedate from Sales.PurchaseOrder where customer->id = ?",.customerId)
    set resultset = result.%CurrentResult

	write "注文ID",?20,"注文日",!
	write "-----------------------------------------------",!

	While resultset.%Next(.sc) {
		If $$$ISERR(sc) quit
		write resultset.id,?20,##class(%Date).LogicalToDisplay(resultset.purchasedate),! 
	}
	
	write !
	
	read "内容を表示したい注文番号を入力してください ",oid,!!

	if oid = "" quit '$$$OK

	if '##class(Sales.PurchaseOrder).%ExistsId(oid) write "注文が存在しません",! quit '$$$OK
	
    set porder = ##class(Sales.PurchaseOrder).%OpenId(oid)
     
	write "ご注文内容は、以下のとおりです",!!
	
	write "お客様名",?20,"注文日",!
	write porder.Customer.Name,?20,porder.PurchaseDateLogicalToOdbc(porder.PurchaseDate),!!
	
	write "明細番号",?10,"商品ID",?20,"商品名",?40,"単価",?50,"割引率",?60,"数量",?70,"小計",!
	write "-------------------------------------------------------------------------------",!
  
	for i=1:1:porder.Items.Count() {
		set item = porder.Items.GetAt(i)
		write $justify(i,8),?10,$justify(item.Product.%Id(),6),?20,item.Product.Name,?40,$justify(item.Product.UnitPriceLogicalToDisplay(item.Product.UnitPrice),6),?50,$justify(porder.Customer.Discount,4)," %",?60,$justify(item.Amount,4),?70,$justify(item.SubTotalLogicalToDisplay(item.SubTotal),8),!
	}
	quit $$$OK
]]></Implementation>
</Method>

<Method name="totalByProduct">
<ClassMethod>1</ClassMethod>
<FormalSpec>productId:%Integer</FormalSpec>
<ReturnType>%Boolean</ReturnType>
<Implementation><![CDATA[
    if productId="" write "商品IDを入力してください",! quit '$$$OK
 
	if '##class(Sales.Product).%ExistsId(productId) write "商品IDが登録されていません" quit '$$$OK
	
	set total = 0
 
    set result=##class(%SQL.Statement).%ExecDirect(,"select id from Sales.OrderItem where product->id = ?",.productId)
    set resultset = result.%CurrentResult

	While resultset.%Next(.sc) {

		If $$$ISERR(sc) quit
		
		set id = resultset.id
		set item = ##class(Sales.OrderItem).%OpenId(id)

		set total = total + item.SubTotal
	}

			
	write "この商品の売り上げ累計は、",total,"円です",!
	
	quit $$$OK
]]></Implementation>
</Method>
</Class>


<Class name="Sales.OrderItem">
<ProcedureBlock>1</ProcedureBlock>
<Super>%Persistent,%Populate</Super>
<TimeChanged>63923,70175</TimeChanged>
<TimeCreated>61243,56084.837352</TimeCreated>
<Inheritance>right</Inheritance>

<Property name="TheOrder">
<Type>Sales.PurchaseOrder</Type>
<Cardinality>parent</Cardinality>
<Inverse>Items</Inverse>
<Relationship>1</Relationship>
</Property>

<Property name="Product">
<Type>Product</Type>
</Property>

<Property name="Amount">
<Type>%Integer</Type>
</Property>

<Property name="SubTotal">
<Type>%Integer</Type>
<Calculated>1</Calculated>
<Parameter name="FORMAT" value=","/>
</Property>

<Method name="SubTotalGet">
<ReturnType>%Integer</ReturnType>
<Implementation><![CDATA[	Quit $normalize((..Product.UnitPrice * ..Amount * ..TheOrder.Customer.Discount / 100),0)
]]></Implementation>
</Method>

<Storage name="Default">
<Type>%Library.CacheStorage</Type>
<DataLocation>{%%PARENT}("Items")</DataLocation>
<DefaultData>OrderItemDefaultData</DefaultData>
<IdLocation>^Sales.PurchaseOrderC("Items")</IdLocation>
<IndexLocation>^Sales.OrderItemI</IndexLocation>
<StreamLocation>^Sales.OrderItemS</StreamLocation>
<Data name="OrderItemDefaultData">
<Structure>listnode</Structure>
<Subscript/>
<Value name="1">
<Value>%%CLASSNAME</Value>
</Value>
<Value name="2">
<Value>Product</Value>
</Value>
<Value name="3">
<Value>Amount</Value>
</Value>
</Data>
</Storage>
</Class>


<Class name="Sales.Product">
<Super>%Persistent,%Populate</Super>
<TimeChanged>63923,72699.999394</TimeChanged>
<TimeCreated>61243,55163.906033</TimeCreated>
<Inheritance>right</Inheritance>

<Property name="Name">
<Description>
商品名</Description>
<Type>%String</Type>
<Parameter name="POPSPEC" value="##class(Sales.Product).Name()"/>
</Property>

<Property name="UnitPrice">
<Description>
単価</Description>
<Type>%Integer</Type>
<Parameter name="FORMAT" value=","/>
<Parameter name="POPSPEC" value="##class(Sales.Product).UnitPrice()"/>
</Property>

<Method name="Name">
<ClassMethod>1</ClassMethod>
<ReturnType>%String</ReturnType>
<Implementation><![CDATA[
	set productlist = $listbuild("シャンプー","リンス","ボディーソープ","スクラブウォッシュ","ヘアジェル")
	quit $list(productlist,$random($listlength(productlist))+1)
]]></Implementation>
</Method>

<Method name="UnitPrice">
<ClassMethod>1</ClassMethod>
<ReturnType>%Integer</ReturnType>
<Implementation><![CDATA[	quit ($random(100)+1)*100
]]></Implementation>
</Method>

<Index name="NameIndex">
<Properties>Name</Properties>
</Index>

<Storage name="Default">
<Type>%Library.CacheStorage</Type>
<DataLocation>^Sales.ProductD</DataLocation>
<DefaultData>ProductDefaultData</DefaultData>
<IdLocation>^Sales.ProductD</IdLocation>
<IndexLocation>^Sales.ProductI</IndexLocation>
<StreamLocation>^Sales.ProductS</StreamLocation>
<ExtentSize>10</ExtentSize>
<Data name="ProductDefaultData">
<Structure>listnode</Structure>
<Subscript/>
<Value name="1">
<Value>%%CLASSNAME</Value>
</Value>
<Value name="2">
<Value>Name</Value>
</Value>
<Value name="3">
<Value>UnitPrice</Value>
</Value>
</Data>
<Property name="%%CLASSNAME">
<Selectivity>100.0000%</Selectivity>
<AverageFieldSize>1</AverageFieldSize>
</Property>
<Property name="%%ID">
<Selectivity>1</Selectivity>
<AverageFieldSize>1.1</AverageFieldSize>
</Property>
<Property name="Name">
<Selectivity>25.0000%</Selectivity>
<AverageFieldSize>5</AverageFieldSize>
</Property>
<Property name="UnitPrice">
<Selectivity>11.1111%</Selectivity>
<AverageFieldSize>3.8</AverageFieldSize>
</Property>
<SQLMap name="IDKEY">
<BlockCount>-4</BlockCount>
</SQLMap>
<SQLMap name="NameIndex">
<BlockCount>-4</BlockCount>
</SQLMap>
</Storage>
</Class>


<Class name="Sales.PurchaseOrder">
<Description>
購入注文</Description>
<Super>%Persistent,%Populate</Super>
<TimeChanged>63923,70175</TimeChanged>
<TimeCreated>61243,55722.145723</TimeCreated>
<Inheritance>right</Inheritance>

<Property name="Customer">
<Description>
顧客</Description>
<Type>Customer</Type>
</Property>

<Property name="PurchaseDate">
<Description>
購入日</Description>
<Type>%Date</Type>
</Property>

<Property name="Items">
<Type>Sales.OrderItem</Type>
<Cardinality>children</Cardinality>
<Inverse>TheOrder</Inverse>
<Relationship>1</Relationship>
</Property>

<Index name="PurchaseDateIndex1">
<Description>
購入日のインデックス</Description>
<Properties>PurchaseDate</Properties>
</Index>

<Storage name="Default">
<Type>%Library.CacheStorage</Type>
<DataLocation>^Sales.PurchaseOrderD</DataLocation>
<DefaultData>PurchaseOrderDefaultData</DefaultData>
<IdLocation>^Sales.PurchaseOrderD</IdLocation>
<IndexLocation>^Sales.PurchaseOrderI</IndexLocation>
<StreamLocation>^Sales.PurchaseOrderS</StreamLocation>
<Data name="PurchaseOrderDefaultData">
<Structure>listnode</Structure>
<Subscript/>
<Value name="1">
<Value>%%CLASSNAME</Value>
</Value>
<Value name="2">
<Value>Customer</Value>
</Value>
<Value name="3">
<Value>PurchaseDate</Value>
</Value>
</Data>
</Storage>
</Class>
</Export>
